"firstName","lastName","dateOfJoining","experience"
"firstName1","lastName1","5.0"
"firstName","lastName","dateOfJoining","experience"
"firstName2","lastName2","5.0"
"firstName","lastName","dateOfJoining","experience"
"firstName3","lastName3","5.0"
"firstName","lastName","dateOfJoining","experience"
"firstName4","lastName4","5.0"
"firstName","lastName","dateOfJoining","experience"
"firstName5","lastName5","10.0"
"firstName","lastName","dateOfJoining","experience"
"firstName6","lastName6","7.0"
"firstName","lastName","dateOfJoining","experience"
"firstName7","lastName7","2.0"
"firstName","lastName","dateOfJoining","experience"
"firstName8","lastName8","2.0"
"firstName","lastName","dateOfJoining","experience"
"firstName9","lastName9","9.0"
"firstName","lastName","dateOfJoining","experience"
"firstName10","lastName10","10.0"
"firstName","lastName","dateOfJoining","experience"
"firstName11","lastName11","7.0"
"firstName","lastName","dateOfJoining","experience"
"firstName12","lastName12","8.0"
"firstName","lastName","dateOfJoining","experience"
"firstName13","lastName13","10.0"
"firstName","lastName","dateOfJoining","experience"
"firstName14","lastName14","8.0"
"firstName","lastName","dateOfJoining","experience"
"firstName15","lastName15","8.0"
"firstName","lastName","dateOfJoining","experience"
"firstName16","lastName16","1.0"
"firstName","lastName","dateOfJoining","experience"
"firstName17","lastName17","4.0"
"firstName","lastName","dateOfJoining","experience"
"firstName18","lastName18","6.0"
"firstName","lastName","dateOfJoining","experience"
"firstName19","lastName19","9.0"
"firstName","lastName","dateOfJoining","experience"
"firstName20","lastName20","9.0"
"firstName","lastName","dateOfJoining","experience"
"firstName21","lastName21","1.0"
"firstName","lastName","dateOfJoining","experience"
"firstName22","lastName22","10.0"
"firstName","lastName","dateOfJoining","experience"
"firstName23","lastName23","9.0"
"firstName","lastName","dateOfJoining","experience"
"firstName24","lastName24","7.0"
"firstName","lastName","dateOfJoining","experience"
"firstName25","lastName25","2.0"
"firstName","lastName","dateOfJoining","experience"
"firstName26","lastName26","10.0"
"firstName","lastName","dateOfJoining","experience"
"firstName27","lastName27","1.0"
"firstName","lastName","dateOfJoining","experience"
"firstName28","lastName28","8.0"
"firstName","lastName","dateOfJoining","experience"
"firstName29","lastName29","9.0"
"firstName","lastName","dateOfJoining","experience"
"firstName30","lastName30","8.0"
"firstName","lastName","dateOfJoining","experience"
"firstName31","lastName31","6.0"
"firstName","lastName","dateOfJoining","experience"
"firstName32","lastName32","3.0"
"firstName","lastName","dateOfJoining","experience"
"firstName33","lastName33","7.0"
"firstName","lastName","dateOfJoining","experience"
"firstName34","lastName34","9.0"
"firstName","lastName","dateOfJoining","experience"
"firstName35","lastName35","7.0"
"firstName","lastName","dateOfJoining","experience"
"firstName36","lastName36","10.0"
"firstName","lastName","dateOfJoining","experience"
"firstName37","lastName37","8.0"
"firstName","lastName","dateOfJoining","experience"
"firstName38","lastName38","6.0"
"firstName","lastName","dateOfJoining","experience"
"firstName39","lastName39","10.0"
"firstName","lastName","dateOfJoining","experience"
"firstName40","lastName40","8.0"
"firstName","lastName","dateOfJoining","experience"
"firstName41","lastName41","8.0"
"firstName","lastName","dateOfJoining","experience"
"firstName42","lastName42","6.0"
"firstName","lastName","dateOfJoining","experience"
"firstName43","lastName43","6.0"
"firstName","lastName","dateOfJoining","experience"
"firstName44","lastName44","1.0"
"firstName","lastName","dateOfJoining","experience"
"firstName45","lastName45","2.0"
"firstName","lastName","dateOfJoining","experience"
"firstName46","lastName46","7.0"
"firstName","lastName","dateOfJoining","experience"
"firstName47","lastName47","9.0"
"firstName","lastName","dateOfJoining","experience"
"firstName48","lastName48","2.0"
"firstName","lastName","dateOfJoining","experience"
"firstName49","lastName49","6.0"
"firstName","lastName","dateOfJoining","experience"
"firstName50","lastName50","3.0"
"firstName","lastName","dateOfJoining","experience"
"firstName51","lastName51","1.0"
"firstName","lastName","dateOfJoining","experience"
"firstName52","lastName52","7.0"
"firstName","lastName","dateOfJoining","experience"
"firstName53","lastName53","4.0"
"firstName","lastName","dateOfJoining","experience"
"firstName54","lastName54","5.0"
"firstName","lastName","dateOfJoining","experience"
"firstName55","lastName55","8.0"
"firstName","lastName","dateOfJoining","experience"
"firstName56","lastName56","10.0"
"firstName","lastName","dateOfJoining","experience"
"firstName57","lastName57","7.0"
"firstName","lastName","dateOfJoining","experience"
"firstName58","lastName58","10.0"
"firstName","lastName","dateOfJoining","experience"
"firstName59","lastName59","5.0"
"firstName","lastName","dateOfJoining","experience"
"firstName60","lastName60","10.0"
"firstName","lastName","dateOfJoining","experience"
"firstName61","lastName61","7.0"
"firstName","lastName","dateOfJoining","experience"
"firstName62","lastName62","6.0"
"firstName","lastName","dateOfJoining","experience"
"firstName63","lastName63","5.0"
"firstName","lastName","dateOfJoining","experience"
"firstName64","lastName64","3.0"
"firstName","lastName","dateOfJoining","experience"
"firstName65","lastName65","2.0"
"firstName","lastName","dateOfJoining","experience"
"firstName66","lastName66","2.0"
"firstName","lastName","dateOfJoining","experience"
"firstName67","lastName67","3.0"
"firstName","lastName","dateOfJoining","experience"
"firstName68","lastName68","4.0"
"firstName","lastName","dateOfJoining","experience"
"firstName69","lastName69","2.0"
"firstName","lastName","dateOfJoining","experience"
"firstName70","lastName70","1.0"
"firstName","lastName","dateOfJoining","experience"
"firstName71","lastName71","1.0"
"firstName","lastName","dateOfJoining","experience"
"firstName72","lastName72","2.0"
"firstName","lastName","dateOfJoining","experience"
"firstName73","lastName73","6.0"
"firstName","lastName","dateOfJoining","experience"
"firstName74","lastName74","8.0"
"firstName","lastName","dateOfJoining","experience"
"firstName75","lastName75","2.0"
"firstName","lastName","dateOfJoining","experience"
"firstName76","lastName76","2.0"
"firstName","lastName","dateOfJoining","experience"
"firstName77","lastName77","4.0"
"firstName","lastName","dateOfJoining","experience"
"firstName78","lastName78","3.0"
"firstName","lastName","dateOfJoining","experience"
"firstName79","lastName79","2.0"
"firstName","lastName","dateOfJoining","experience"
"firstName80","lastName80","2.0"
"firstName","lastName","dateOfJoining","experience"
"firstName81","lastName81","1.0"
"firstName","lastName","dateOfJoining","experience"
"firstName82","lastName82","4.0"
"firstName","lastName","dateOfJoining","experience"
"firstName83","lastName83","7.0"
"firstName","lastName","dateOfJoining","experience"
"firstName84","lastName84","3.0"
"firstName","lastName","dateOfJoining","experience"
"firstName85","lastName85","1.0"
"firstName","lastName","dateOfJoining","experience"
"firstName86","lastName86","8.0"
"firstName","lastName","dateOfJoining","experience"
"firstName87","lastName87","1.0"
"firstName","lastName","dateOfJoining","experience"
"firstName88","lastName88","6.0"
"firstName","lastName","dateOfJoining","experience"
"firstName89","lastName89","8.0"
"firstName","lastName","dateOfJoining","experience"
"firstName90","lastName90","6.0"
"firstName","lastName","dateOfJoining","experience"
"firstName91","lastName91","10.0"
"firstName","lastName","dateOfJoining","experience"
"firstName92","lastName92","7.0"
"firstName","lastName","dateOfJoining","experience"
"firstName93","lastName93","2.0"
"firstName","lastName","dateOfJoining","experience"
"firstName94","lastName94","4.0"
"firstName","lastName","dateOfJoining","experience"
"firstName95","lastName95","2.0"
"firstName","lastName","dateOfJoining","experience"
"firstName96","lastName96","3.0"
"firstName","lastName","dateOfJoining","experience"
"firstName97","lastName97","8.0"
"firstName","lastName","dateOfJoining","experience"
"firstName98","lastName98","3.0"
"firstName","lastName","dateOfJoining","experience"
"firstName99","lastName99","5.0"
"firstName","lastName","dateOfJoining","experience"
"firstName100","lastName100","5.0"
